,user,role,email,pc
0,usr-lxm,Security,usr-lxm@uwetech.com,pc0
1,usr-vwj,Finance,usr-vwj@uwetech.com,pc1
2,usr-wql,HR,usr-wql@uwetech.com,pc2
3,usr-ysk,Security,usr-ysk@uwetech.com,pc3
4,usr-maq,Legal,usr-maq@uwetech.com,pc4
5,usr-vwm,Director,usr-vwm@uwetech.com,pc5
6,usr-hpe,Legal,usr-hpe@uwetech.com,pc6
7,usr-qkm,Security,usr-qkm@uwetech.com,pc7
8,usr-knl,Security,usr-knl@uwetech.com,pc8
9,usr-mzg,Technical,usr-mzg@uwetech.com,pc9
10,usr-ijc,Security,usr-ijc@uwetech.com,pc10
11,usr-auy,Director,usr-auy@uwetech.com,pc11
12,usr-ysr,Director,usr-ysr@uwetech.com,pc12
13,usr-efn,Finance,usr-efn@uwetech.com,pc13
14,usr-dbr,Director,usr-dbr@uwetech.com,pc14
15,usr-xcy,Legal,usr-xcy@uwetech.com,pc15
16,usr-ykf,Finance,usr-ykf@uwetech.com,pc16
17,usr-zyw,Legal,usr-zyw@uwetech.com,pc17
18,usr-cym,Finance,usr-cym@uwetech.com,pc18
19,usr-dwr,Legal,usr-dwr@uwetech.com,pc19
20,usr-wmi,HR,usr-wmi@uwetech.com,pc20
21,usr-mmn,Director,usr-mmn@uwetech.com,pc21
22,usr-obb,Director,usr-obb@uwetech.com,pc22
23,usr-qij,Services,usr-qij@uwetech.com,pc23
24,usr-grk,Services,usr-grk@uwetech.com,pc24
25,usr-wlw,Technical,usr-wlw@uwetech.com,pc25
26,usr-gnh,Technical,usr-gnh@uwetech.com,pc26
27,usr-nhl,Finance,usr-nhl@uwetech.com,pc27
28,usr-dek,Technical,usr-dek@uwetech.com,pc28
29,usr-whv,Technical,usr-whv@uwetech.com,pc29
30,usr-oqx,Finance,usr-oqx@uwetech.com,pc30
31,usr-wtx,Technical,usr-wtx@uwetech.com,pc31
32,usr-lez,HR,usr-lez@uwetech.com,pc32
33,usr-gug,Legal,usr-gug@uwetech.com,pc33
34,usr-aki,Director,usr-aki@uwetech.com,pc34
35,usr-zef,Legal,usr-zef@uwetech.com,pc35
36,usr-srp,Legal,usr-srp@uwetech.com,pc36
37,usr-amw,Services,usr-amw@uwetech.com,pc37
38,usr-qjg,Services,usr-qjg@uwetech.com,pc38
39,usr-eaa,HR,usr-eaa@uwetech.com,pc39
40,usr-snj,Director,usr-snj@uwetech.com,pc40
41,usr-dyk,Finance,usr-dyk@uwetech.com,pc41
42,usr-mkm,Finance,usr-mkm@uwetech.com,pc42
43,usr-bce,Services,usr-bce@uwetech.com,pc43
44,usr-trm,Technical,usr-trm@uwetech.com,pc44
45,usr-ipl,Services,usr-ipl@uwetech.com,pc45
46,usr-elc,Services,usr-elc@uwetech.com,pc46
47,usr-mbm,Technical,usr-mbm@uwetech.com,pc47
48,usr-byl,HR,usr-byl@uwetech.com,pc48
49,usr-ypo,Technical,usr-ypo@uwetech.com,pc49
50,usr-aug,Director,usr-aug@uwetech.com,pc50
51,usr-xgi,Director,usr-xgi@uwetech.com,pc51
52,usr-gqm,Security,usr-gqm@uwetech.com,pc52
53,usr-pkk,Director,usr-pkk@uwetech.com,pc53
54,usr-qkl,Director,usr-qkl@uwetech.com,pc54
55,usr-crn,Services,usr-crn@uwetech.com,pc55
56,usr-gio,Technical,usr-gio@uwetech.com,pc56
57,usr-oab,Finance,usr-oab@uwetech.com,pc57
58,usr-zxe,Security,usr-zxe@uwetech.com,pc58
59,usr-dwg,Legal,usr-dwg@uwetech.com,pc59
60,usr-yyt,Security,usr-yyt@uwetech.com,pc60
61,usr-gju,Technical,usr-gju@uwetech.com,pc61
62,usr-vzl,Director,usr-vzl@uwetech.com,pc62
63,usr-vec,Legal,usr-vec@uwetech.com,pc63
64,usr-dvp,Services,usr-dvp@uwetech.com,pc64
65,usr-iky,Security,usr-iky@uwetech.com,pc65
66,usr-jrj,Technical,usr-jrj@uwetech.com,pc66
67,usr-ccj,Security,usr-ccj@uwetech.com,pc67
68,usr-lji,HR,usr-lji@uwetech.com,pc68
69,usr-iqz,Security,usr-iqz@uwetech.com,pc69
70,usr-oel,Finance,usr-oel@uwetech.com,pc70
71,usr-gsi,Finance,usr-gsi@uwetech.com,pc71
72,usr-mff,Finance,usr-mff@uwetech.com,pc72
73,usr-ltu,Legal,usr-ltu@uwetech.com,pc73
74,usr-ixz,Services,usr-ixz@uwetech.com,pc74
75,usr-hzh,Security,usr-hzh@uwetech.com,pc75
76,usr-tia,Finance,usr-tia@uwetech.com,pc76
77,usr-lvd,HR,usr-lvd@uwetech.com,pc77
78,usr-hdz,Technical,usr-hdz@uwetech.com,pc78
79,usr-edp,Finance,usr-edp@uwetech.com,pc79
80,usr-ytt,Legal,usr-ytt@uwetech.com,pc80
81,usr-mqk,HR,usr-mqk@uwetech.com,pc81
82,usr-obs,Legal,usr-obs@uwetech.com,pc82
83,usr-qgr,Services,usr-qgr@uwetech.com,pc83
84,usr-nut,Finance,usr-nut@uwetech.com,pc84
85,usr-jzl,Services,usr-jzl@uwetech.com,pc85
86,usr-sqw,Legal,usr-sqw@uwetech.com,pc86
87,usr-bzi,Security,usr-bzi@uwetech.com,pc87
88,usr-mxr,Services,usr-mxr@uwetech.com,pc88
89,usr-ieb,Technical,usr-ieb@uwetech.com,pc89
90,usr-osd,HR,usr-osd@uwetech.com,pc90
91,usr-tge,HR,usr-tge@uwetech.com,pc91
92,usr-obn,Director,usr-obn@uwetech.com,pc92
93,usr-zvn,Security,usr-zvn@uwetech.com,pc93
94,usr-rlg,Finance,usr-rlg@uwetech.com,pc94
95,usr-spw,HR,usr-spw@uwetech.com,pc95
96,usr-xuo,Services,usr-xuo@uwetech.com,pc96
97,usr-ivm,Technical,usr-ivm@uwetech.com,pc97
98,usr-gxf,Finance,usr-gxf@uwetech.com,pc98
99,usr-gsu,Legal,usr-gsu@uwetech.com,pc99
100,usr-trp,HR,usr-trp@uwetech.com,pc100
101,usr-qzj,Director,usr-qzj@uwetech.com,pc101
102,usr-mxo,Services,usr-mxo@uwetech.com,pc102
103,usr-nev,HR,usr-nev@uwetech.com,pc103
104,usr-uom,Services,usr-uom@uwetech.com,pc104
105,usr-brw,Legal,usr-brw@uwetech.com,pc105
106,usr-twn,Security,usr-twn@uwetech.com,pc106
107,usr-bns,Legal,usr-bns@uwetech.com,pc107
108,usr-rjw,Director,usr-rjw@uwetech.com,pc108
109,usr-znq,Finance,usr-znq@uwetech.com,pc109
110,usr-oqs,Finance,usr-oqs@uwetech.com,pc110
111,usr-rlf,Security,usr-rlf@uwetech.com,pc111
112,usr-wrz,Legal,usr-wrz@uwetech.com,pc112
113,usr-edy,Finance,usr-edy@uwetech.com,pc113
114,usr-jzu,Director,usr-jzu@uwetech.com,pc114
115,usr-jcv,Technical,usr-jcv@uwetech.com,pc115
116,usr-ims,Technical,usr-ims@uwetech.com,pc116
117,usr-okb,Technical,usr-okb@uwetech.com,pc117
118,usr-czw,Director,usr-czw@uwetech.com,pc118
119,usr-rcu,Security,usr-rcu@uwetech.com,pc119
120,usr-tlc,Finance,usr-tlc@uwetech.com,pc120
121,usr-loc,Services,usr-loc@uwetech.com,pc121
122,usr-svc,Finance,usr-svc@uwetech.com,pc122
123,usr-bhs,HR,usr-bhs@uwetech.com,pc123
124,usr-idp,Legal,usr-idp@uwetech.com,pc124
125,usr-ujm,Director,usr-ujm@uwetech.com,pc125
126,usr-imz,Legal,usr-imz@uwetech.com,pc126
127,usr-crb,HR,usr-crb@uwetech.com,pc127
128,usr-bqi,Security,usr-bqi@uwetech.com,pc128
129,usr-jql,Technical,usr-jql@uwetech.com,pc129
130,usr-oyv,Technical,usr-oyv@uwetech.com,pc130
131,usr-mrh,HR,usr-mrh@uwetech.com,pc131
132,usr-ccm,HR,usr-ccm@uwetech.com,pc132
133,usr-zvn,Finance,usr-zvn@uwetech.com,pc133
134,usr-xzo,Director,usr-xzo@uwetech.com,pc134
135,usr-hot,Legal,usr-hot@uwetech.com,pc135
136,usr-gli,HR,usr-gli@uwetech.com,pc136
137,usr-mbl,Security,usr-mbl@uwetech.com,pc137
138,usr-gho,Technical,usr-gho@uwetech.com,pc138
139,usr-lhr,Director,usr-lhr@uwetech.com,pc139
140,usr-ioi,Security,usr-ioi@uwetech.com,pc140
141,usr-drf,Legal,usr-drf@uwetech.com,pc141
142,usr-lkt,HR,usr-lkt@uwetech.com,pc142
143,usr-eoh,HR,usr-eoh@uwetech.com,pc143
144,usr-dhy,Legal,usr-dhy@uwetech.com,pc144
145,usr-qbp,Technical,usr-qbp@uwetech.com,pc145
146,usr-ler,HR,usr-ler@uwetech.com,pc146
147,usr-lhy,Director,usr-lhy@uwetech.com,pc147
148,usr-tqh,Legal,usr-tqh@uwetech.com,pc148
149,usr-ppm,Security,usr-ppm@uwetech.com,pc149
150,usr-ctr,Technical,usr-ctr@uwetech.com,pc150
151,usr-fbv,Security,usr-fbv@uwetech.com,pc151
152,usr-aga,Technical,usr-aga@uwetech.com,pc152
153,usr-xhp,Security,usr-xhp@uwetech.com,pc153
154,usr-vcb,Legal,usr-vcb@uwetech.com,pc154
155,usr-zya,Legal,usr-zya@uwetech.com,pc155
156,usr-cgd,Finance,usr-cgd@uwetech.com,pc156
157,usr-qay,Security,usr-qay@uwetech.com,pc157
158,usr-ggp,Technical,usr-ggp@uwetech.com,pc158
159,usr-mvi,Finance,usr-mvi@uwetech.com,pc159
160,usr-wbw,HR,usr-wbw@uwetech.com,pc160
161,usr-xvt,Technical,usr-xvt@uwetech.com,pc161
162,usr-dkk,Finance,usr-dkk@uwetech.com,pc162
163,usr-ocp,Director,usr-ocp@uwetech.com,pc163
164,usr-lzg,Director,usr-lzg@uwetech.com,pc164
165,usr-qzu,Services,usr-qzu@uwetech.com,pc165
166,usr-wna,Technical,usr-wna@uwetech.com,pc166
167,usr-hwg,Legal,usr-hwg@uwetech.com,pc167
168,usr-xuw,HR,usr-xuw@uwetech.com,pc168
169,usr-sxe,Services,usr-sxe@uwetech.com,pc169
170,usr-nte,Director,usr-nte@uwetech.com,pc170
171,usr-vxg,Legal,usr-vxg@uwetech.com,pc171
172,usr-jlf,Services,usr-jlf@uwetech.com,pc172
173,usr-vwh,Legal,usr-vwh@uwetech.com,pc173
174,usr-alc,Security,usr-alc@uwetech.com,pc174
175,usr-inj,Services,usr-inj@uwetech.com,pc175
176,usr-fxy,Finance,usr-fxy@uwetech.com,pc176
177,usr-wra,Legal,usr-wra@uwetech.com,pc177
178,usr-gjw,Technical,usr-gjw@uwetech.com,pc178
179,usr-avk,Services,usr-avk@uwetech.com,pc179
180,usr-cnr,Legal,usr-cnr@uwetech.com,pc180
181,usr-qzs,Director,usr-qzs@uwetech.com,pc181
182,usr-xux,Legal,usr-xux@uwetech.com,pc182
183,usr-zhq,Services,usr-zhq@uwetech.com,pc183
184,usr-mjd,Services,usr-mjd@uwetech.com,pc184
185,usr-esa,Security,usr-esa@uwetech.com,pc185
186,usr-lvl,Director,usr-lvl@uwetech.com,pc186
187,usr-uzr,Services,usr-uzr@uwetech.com,pc187
188,usr-jhq,Director,usr-jhq@uwetech.com,pc188
189,usr-cud,Finance,usr-cud@uwetech.com,pc189
190,usr-fug,HR,usr-fug@uwetech.com,pc190
191,usr-min,HR,usr-min@uwetech.com,pc191
192,usr-tyf,Finance,usr-tyf@uwetech.com,pc192
193,usr-xmt,Finance,usr-xmt@uwetech.com,pc193
194,usr-skl,Director,usr-skl@uwetech.com,pc194
195,usr-nok,Finance,usr-nok@uwetech.com,pc195
196,usr-fsj,Finance,usr-fsj@uwetech.com,pc196
197,usr-vfs,Director,usr-vfs@uwetech.com,pc197
198,usr-jtt,Security,usr-jtt@uwetech.com,pc198
199,usr-vut,Security,usr-vut@uwetech.com,pc199
200,usr-jkq,Services,usr-jkq@uwetech.com,pc200
201,usr-fqc,Technical,usr-fqc@uwetech.com,pc201
202,usr-rhi,Security,usr-rhi@uwetech.com,pc202
203,usr-ggu,Technical,usr-ggu@uwetech.com,pc203
204,usr-zhc,Technical,usr-zhc@uwetech.com,pc204
205,usr-wcy,Director,usr-wcy@uwetech.com,pc205
206,usr-btq,HR,usr-btq@uwetech.com,pc206
207,usr-nll,Technical,usr-nll@uwetech.com,pc207
208,usr-fjo,Finance,usr-fjo@uwetech.com,pc208
209,usr-esd,HR,usr-esd@uwetech.com,pc209
210,usr-wpq,Director,usr-wpq@uwetech.com,pc210
211,usr-jvv,Technical,usr-jvv@uwetech.com,pc211
212,usr-nwg,HR,usr-nwg@uwetech.com,pc212
213,usr-oqv,Security,usr-oqv@uwetech.com,pc213
214,usr-fmt,Services,usr-fmt@uwetech.com,pc214
215,usr-mqp,Services,usr-mqp@uwetech.com,pc215
216,usr-vrm,Security,usr-vrm@uwetech.com,pc216
217,usr-qux,Finance,usr-qux@uwetech.com,pc217
218,usr-twk,Director,usr-twk@uwetech.com,pc218
219,usr-sky,Finance,usr-sky@uwetech.com,pc219
220,usr-ozp,Legal,usr-ozp@uwetech.com,pc220
221,usr-gee,Security,usr-gee@uwetech.com,pc221
222,usr-rtz,Technical,usr-rtz@uwetech.com,pc222
223,usr-uyo,Technical,usr-uyo@uwetech.com,pc223
224,usr-xxv,Finance,usr-xxv@uwetech.com,pc224
225,usr-ydl,Technical,usr-ydl@uwetech.com,pc225
226,usr-abo,Security,usr-abo@uwetech.com,pc226
227,usr-sdt,Technical,usr-sdt@uwetech.com,pc227
228,usr-hqp,Security,usr-hqp@uwetech.com,pc228
229,usr-jra,HR,usr-jra@uwetech.com,pc229
230,usr-sgs,Technical,usr-sgs@uwetech.com,pc230
231,usr-awx,Technical,usr-awx@uwetech.com,pc231
232,usr-mjs,Security,usr-mjs@uwetech.com,pc232
233,usr-rkf,HR,usr-rkf@uwetech.com,pc233
234,usr-omr,Technical,usr-omr@uwetech.com,pc234
235,usr-por,Services,usr-por@uwetech.com,pc235
236,usr-xyg,Technical,usr-xyg@uwetech.com,pc236
237,usr-bso,Finance,usr-bso@uwetech.com,pc237
238,usr-yxi,Services,usr-yxi@uwetech.com,pc238
239,usr-xjw,Legal,usr-xjw@uwetech.com,pc239
240,usr-xbb,Director,usr-xbb@uwetech.com,pc240
241,usr-xsk,Legal,usr-xsk@uwetech.com,pc241
242,usr-tss,Technical,usr-tss@uwetech.com,pc242
243,usr-eau,Services,usr-eau@uwetech.com,pc243
244,usr-htc,Services,usr-htc@uwetech.com,pc244
245,usr-sqx,Director,usr-sqx@uwetech.com,pc245
246,usr-esy,Security,usr-esy@uwetech.com,pc246
247,usr-nss,Services,usr-nss@uwetech.com,pc247
248,usr-fiy,Finance,usr-fiy@uwetech.com,pc248
249,usr-tyt,Legal,usr-tyt@uwetech.com,pc249
